{"0.0": 0.0, "0.1": 0.0, "0.2": 0.0, "0.30000000000000004": 0.0, "0.4": 0.0, "0.5": 0.0, "0.6000000000000001": 2.842170943040401e-14, "0.7000000000000001": 1.2857981346314773e-09, "0.8": 1.6849825819065245e-05, "0.9": 0.06965726817559914, "1.0": 1.0}