{"0.0": 0.0, "0.1": 0.0, "0.2": 0.0, "0.30000000000000004": 0.0, "0.4": 0.0, "0.5": 0.0, "0.6000000000000001": 0.0, "0.7000000000000001": 0.0, "0.8": 4.809663778360118e-11, "0.9": 8.369866332880171e-05, "1.0": 1.0}