{"0.0": 0.0, "0.1": 0.0, "0.2": 0.0, "0.30000000000000004": 0.0, "0.4": 0.0, "0.5": 0.0, "0.6000000000000001": 1.8758328224066645e-12, "0.7000000000000001": 2.275937993623245e-08, "0.8": 7.846074158646132e-05, "0.9": 0.09840655409694621, "1.0": 1.0}