{"0.0": 0.0, "0.1": 0.0, "0.2": 0.0, "0.30000000000000004": 0.0, "0.4": 0.0, "0.5": 5.684341886080802e-14, "0.6000000000000001": 6.207585556694539e-10, "0.7000000000000001": 1.6114233908348652e-06, "0.8": 0.0014604424954977047, "0.9": 0.4484904475253325, "1.0": 1.0}