{"0.0": 0.0, "0.1": 1.2800000948054446e-08, "0.2": 1.3107114776533813e-05, "0.30000000000000004": 0.0007555438644326617, "0.4": 0.013332796788291468, "0.5": 0.1175569941988367, "0.6000000000000001": 0.5399023225108992, "0.7000000000000001": 0.974465703289568, "0.8": 0.9999995150590979, "0.9": 1.0, "1.0": 1.0}