{"0.0": 0.0, "0.1": 0.0, "0.2": 0.0, "0.30000000000000004": 0.0, "0.4": 0.0, "0.5": 0.0, "0.6000000000000001": 0.0, "0.7000000000000001": 2.842170943040401e-14, "0.8": 2.085924655226279e-08, "0.9": 0.0030552329735654693, "1.0": 1.0}