{"0.0": 0.0, "0.1": 0.0, "0.2": 6.679101716144942e-13, "0.30000000000000004": 2.231544726782886e-09, "0.4": 7.036871970678149e-07, "0.5": 6.1033322744763474e-05, "0.6000000000000001": 0.00233724854988282, "0.7000000000000001": 0.04980441350139786, "0.8": 0.5239137630520634, "0.9": 0.9997505131647128, "1.0": 1.0}