{"0.0": 0.0, "0.1": 0.0, "0.2": 0.0, "0.30000000000000004": 0.0, "0.4": 1.4210854715202004e-14, "0.5": 1.1641532182693481e-10, "0.6000000000000001": 1.711039200325004e-07, "0.7000000000000001": 8.149181903738256e-05, "0.8": 0.016871307433354854, "0.9": 0.8513372128512464, "1.0": 1.0}