{"0.0": 0.0, "0.1": 0.0, "0.2": 0.0, "0.30000000000000004": 2.842170943040401e-14, "0.4": 1.475797262173728e-10, "0.5": 1.192092825563762e-07, "0.6000000000000001": 2.8297064483373546e-05, "0.7000000000000001": 0.0028809102616955684, "0.8": 0.1466235343435739, "0.9": 0.9960908453120656, "1.0": 1.0}