{"0.0": 0.0, "0.1": 0.0, "0.2": 0.0, "0.30000000000000004": 0.0, "0.4": 0.0, "0.5": 0.0, "0.6000000000000001": 0.0, "0.7000000000000001": 1.0231815394945443e-12, "0.8": 1.94266870034987e-07, "0.9": 0.008737535252701933, "1.0": 1.0}