{"0": 0, "0.1": 0.0, "0.2": 0.0, "0.30000000000000004": 0.01, "0.4": 0.13, "0.5": 0.28, "0.6": 0.46, "0.7000000000000001": 0.79, "0.8": 0.9, "0.9": 0.95, "1.0": 0.99}