{"0": 0, "0.1": 0.0, "0.2": 0.02, "0.30000000000000004": 0.18, "0.4": 0.44, "0.5": 0.72, "0.6": 0.92, "0.7000000000000001": 0.98, "0.8": 1.0}