{"0": 0, "0.1": 0.09, "0.2": 0.43, "0.30000000000000004": 0.7, "0.4": 0.87, "0.5": 0.93, "0.6": 0.98, "0.7000000000000001": 1.0}