{"0": 0, "0.1": 0.08, "0.2": 0.22, "0.30000000000000004": 0.37, "0.4": 0.54, "0.5": 0.7, "0.6": 0.88, "0.7000000000000001": 0.99, "0.8": 0.98, "0.9": 1.0}