{"0": 0, "0.1": 0.0, "0.2": 0.01, "0.30000000000000004": 0.13, "0.4": 0.35, "0.5": 0.67, "0.6": 0.89, "0.7000000000000001": 0.97, "0.8": 1.0}