{"0": 0, "0.1": 0.12, "0.2": 0.29, "0.30000000000000004": 0.58, "0.4": 0.68, "0.5": 0.82, "0.6": 0.94, "0.7000000000000001": 1.0}