{"0": 0, "0.1": 0.0, "0.2": 0.0, "0.30000000000000004": 0.06, "0.4": 0.21, "0.5": 0.41, "0.6": 0.62, "0.7000000000000001": 0.88, "0.8": 0.95, "0.9": 0.97, "1.0": 1.0}