{"0": 0, "0.1": 0.0, "0.2": 0.04, "0.30000000000000004": 0.15, "0.4": 0.36, "0.5": 0.54, "0.6": 0.82, "0.7000000000000001": 0.92, "0.8": 0.95, "0.9": 1.0}