{"0": 0, "0.1": 0.0, "0.2": 0.0, "0.30000000000000004": 0.03, "0.4": 0.11, "0.5": 0.24, "0.6": 0.44, "0.7000000000000001": 0.78, "0.8": 0.89, "0.9": 0.92, "1.0": 1.0}