{"0.0": 0.0, "0.1": 0.023515606592644955, "0.2": 0.27556912110713394, "0.30000000000000004": 0.7487630724601388, "0.4": 0.9754577116704638, "0.5": 0.999561921831218, "0.6000000000000001": 0.9999989957451426, "0.7000000000000001": 0.9999999997816154, "0.8": 0.9999999999999967, "0.9": 1.0, "1.0": 1.0}