{"0.0": 0.0, "0.1": 0.0007106498542032158, "0.2": 0.034054837338362565, "0.30000000000000004": 0.25751605783653786, "0.4": 0.7146806332769425, "0.5": 0.9721251811205341, "0.6000000000000001": 0.9996728433162395, "0.7000000000000001": 0.9999997752359172, "0.8": 0.9999999999953302, "0.9": 1.0, "1.0": 1.0}