{"0.0": 0.0, "0.1": 0.24854104961171752, "0.2": 0.8706263020233869, "0.30000000000000004": 0.997985639618379, "0.4": 0.9999983700417325, "0.5": 0.999999999952146, "0.6000000000000001": 1.0, "0.7000000000000001": 1.0, "0.8": 1.0, "0.9": 1.0, "1.0": 1.0}