{"0.0": 0.0, "0.1": 6.58467712577604e-08, "0.2": 7.871460359498705e-05, "0.30000000000000004": 0.0038695290701266094, "0.4": 0.04965189422354255, "0.5": 0.2744203185050942, "0.6000000000000001": 0.7176169436355605, "0.7000000000000001": 0.9732373004138776, "0.8": 0.9997471554599117, "0.9": 0.9999999030549818, "1.0": 0.9999999999993575}