{"0.0": 0.0, "0.1": 0.06894290188796626, "0.2": 0.40026209532306856, "0.30000000000000004": 0.7881471587976919, "0.4": 0.9642690863584766, "0.5": 0.9973698557869414, "0.6000000000000001": 0.9999212730684951, "0.7000000000000001": 0.9999991071757054, "0.8": 0.9999999964735532, "0.9": 0.9999999999956515, "1.0": 0.9999999999999986}