{"0.0": 0.0, "0.1": 0.007138336269285062, "0.2": 0.16163715139883117, "0.30000000000000004": 0.6412126431790617, "0.4": 0.963497304474601, "0.5": 0.9995868572674553, "0.6000000000000001": 0.9999997262120572, "0.7000000000000001": 0.9999999999937099, "0.8": 1.0, "0.9": 1.0, "1.0": 1.0}