{"0.0": 0.0, "0.1": 0.9985919389764648, "0.2": 0.9999986099154762, "0.30000000000000004": 0.9999999990761053, "0.4": 0.999999999999606, "0.5": 0.9999999999999999, "0.6000000000000001": 1.0, "0.7000000000000001": 1.0, "0.8": 1.0, "0.9": 1.0, "1.0": 1.0}