{"0.0": 0.0, "0.1": 2.238179925073691e-05, "0.2": 0.003917256792412838, "0.30000000000000004": 0.06556400672507523, "0.4": 0.3622474206867484, "0.5": 0.8280076301096004, "0.6000000000000001": 0.9928788684930278, "0.7000000000000001": 0.9999850877531697, "0.8": 0.9999999994789341, "0.9": 0.9999999999999999, "1.0": 1.0}