{"0.0": 0.0, "0.1": 0.0, "0.2": 0.0, "0.30000000000000004": 0.0, "0.4": 0.0, "0.5": 0.0, "0.6000000000000001": 3.751665644813329e-12, "0.7000000000000001": 4.5518759317353386e-08, "0.8": 0.00015691532708494993, "0.9": 0.1871292583046571, "1.0": 1.0}