{"0.0": 0.0, "0.1": 0.0, "0.2": 0.0, "0.30000000000000004": 0.0, "0.4": 0.0, "0.5": 0.0, "0.6000000000000001": 0.0, "0.7000000000000001": 3.632294465205632e-11, "0.8": 1.8092497772181915e-06, "0.9": 0.024856595406987703, "1.0": 1.0}