{"0.0": 0.0, "0.1": 0.0, "0.2": 0.0, "0.30000000000000004": 0.0, "0.4": 0.0, "0.5": 0.0, "0.6000000000000001": 0.0, "0.7000000000000001": 9.08073616301408e-12, "0.8": 4.523127511424363e-07, "0.9": 0.0062729268179099185, "1.0": 1.0}