{"0.0": 0.0, "0.1": 0.0, "0.2": 1.3358203432289883e-12, "0.30000000000000004": 4.463089453565772e-09, "0.4": 1.4073738988651385e-06, "0.5": 0.00012206292042316047, "0.6000000000000001": 0.004669034368981806, "0.7000000000000001": 0.09712834739857745, "0.8": 0.7733418949887532, "0.9": 0.999999937756319, "1.0": 1.0}