{"0.0": 0.0, "0.1": 0.0, "0.2": 0.0, "0.30000000000000004": 0.0, "0.4": 7.105427357601002e-15, "0.5": 5.820766091346741e-11, "0.6000000000000001": 8.555196373549734e-08, "0.7000000000000001": 4.074673966714126e-05, "0.8": 0.008471537187839884, "0.9": 0.6144318644535657, "1.0": 1.0}