{"0.0": 0.0, "0.1": 0.0, "0.2": 0.0, "0.30000000000000004": 0.0, "0.4": 3.552713678800501e-15, "0.5": 2.9103830456733704e-11, "0.6000000000000001": 4.277598275592709e-08, "0.7000000000000001": 2.0373577374832585e-05, "0.8": 0.004244777662622545, "0.9": 0.3790586698033104, "1.0": 1.0}