{"0": 0, "0.1": 0.0, "0.2": 0.0, "0.30000000000000004": 0.04, "0.4": 0.16, "0.5": 0.46, "0.6": 0.65, "0.7000000000000001": 0.84, "0.8": 0.94, "0.9": 0.96, "1.0": 0.98}