{"0": 0, "0.1": 0.03, "0.2": 0.14, "0.30000000000000004": 0.32, "0.4": 0.65, "0.5": 0.74, "0.6": 0.86, "0.7000000000000001": 0.95, "0.8": 0.99, "0.9": 1.0}