{"0": 0, "0.1": 0.0, "0.2": 0.01, "0.30000000000000004": 0.0, "0.4": 0.1, "0.5": 0.3, "0.6": 0.39, "0.7000000000000001": 0.7, "0.8": 0.89, "0.9": 0.96, "1.0": 0.98}