{"0": 0, "0.1": 0.06, "0.2": 0.37, "0.30000000000000004": 0.67, "0.4": 0.95, "0.5": 0.99, "0.6": 0.97, "0.7000000000000001": 1.0}