{"0": 0, "0.1": 0.0, "0.2": 0.02, "0.30000000000000004": 0.11, "0.4": 0.31, "0.5": 0.5, "0.6": 0.66, "0.7000000000000001": 0.85, "0.8": 0.95, "0.9": 0.97, "1.0": 0.99}