{"0": 0, "0.1": 0.04, "0.2": 0.21, "0.30000000000000004": 0.49, "0.4": 0.76, "0.5": 0.84, "0.6": 0.94, "0.7000000000000001": 0.99, "0.8": 1.0}