{"0": 0, "0.1": 0.0, "0.2": 0.01, "0.30000000000000004": 0.12, "0.4": 0.39, "0.5": 0.73, "0.6": 0.93, "0.7000000000000001": 0.99, "0.8": 1.0}