{"0": 0, "0.1": 0.01, "0.2": 0.09, "0.30000000000000004": 0.35, "0.4": 0.66, "0.5": 0.91, "0.6": 0.99, "0.7000000000000001": 1.0}