{"0": 0, "0.1": 0.0, "0.2": 0.0, "0.30000000000000004": 0.01, "0.4": 0.14, "0.5": 0.24, "0.6": 0.42, "0.7000000000000001": 0.7, "0.8": 0.9, "0.9": 0.94, "1.0": 0.98}