{"0": 0, "0.1": 0.05, "0.2": 0.3, "0.30000000000000004": 0.58, "0.4": 0.88, "0.5": 0.97, "0.6": 0.98, "0.7000000000000001": 1.0}