{"0.0": 0.0, "0.1": 6.399798404355117e-05, "0.2": 0.004087753375312975, "0.30000000000000004": 0.04560057854093702, "0.4": 0.23101386645946187, "0.5": 0.6350134757560926, "0.6000000000000001": 0.9530130984066428, "0.7000000000000001": 0.9996680685045057, "0.8": 0.9999999964503687, "0.9": 1.0, "1.0": 1.0}