{"0.0": 0.0, "0.1": 3.199929210495611e-11, "0.2": 1.3107199114958945e-07, "0.30000000000000004": 1.7005971915229345e-05, "0.4": 0.0005367313238322513, "0.5": 0.007783008146109882, "0.6000000000000001": 0.06735715951835997, "0.7000000000000001": 0.3598258768302667, "0.8": 0.8975347396553273, "0.9": 0.9999755844939489, "1.0": 1.0}