{"0.0": 0.0, "0.1": 1.2799991936374155e-06, "0.2": 0.0003276267380641906, "0.30000000000000004": 0.00836318784248391, "0.4": 0.08048928304407454, "0.5": 0.3940629117709197, "0.6000000000000001": 0.8856130563888848, "0.7000000000000001": 0.999499638993874, "0.8": 0.9999999999381974, "0.9": 1.0, "1.0": 1.0}