{"0.0": 0.0, "0.1": 7.105427357601002e-15, "0.2": 4.1943337691918714e-10, "0.30000000000000004": 2.7549897474443696e-07, "0.4": 2.7487418812977005e-05, "0.5": 0.0009760932614082396, "0.6000000000000001": 0.017895588239703608, "0.7000000000000001": 0.19188019461662165, "0.8": 0.8391493343758707, "0.9": 0.9999979872725661, "1.0": 1.0}