{"0.0": 0.0, "0.1": 1.2799918713612968e-05, "0.2": 0.001637069024115534, "0.30000000000000004": 0.027608386920030314, "0.4": 0.18932430408462908, "0.5": 0.6335622840779627, "0.6000000000000001": 0.9735973248677932, "0.7000000000000001": 0.9999833119982209, "0.8": 0.9999999999999175, "0.9": 1.0, "1.0": 1.0}