{"0.0": 0.0, "0.1": 0.001279187541263549, "0.2": 0.04013876802862504, "0.30000000000000004": 0.2675927204616648, "0.4": 0.7321898792210306, "0.5": 0.9828169764291821, "0.6000000000000001": 0.9999683753145817, "0.7000000000000001": 0.9999999999409651, "0.8": 1.0, "0.9": 1.0, "1.0": 1.0}