{"0.0": 0.0, "0.1": 0.0, "0.2": 1.4210854715202004e-14, "0.30000000000000004": 1.0042100484497496e-10, "0.4": 5.6294995554040383e-08, "0.5": 7.629366337025267e-06, "0.6000000000000001": 0.0004211035352119641, "0.7000000000000001": 0.012435900932432742, "0.8": 0.21100378552591248, "0.9": 0.9637542939509632, "1.0": 1.0}