{"0.0": 0.0, "0.1": 6.399998015993447e-07, "0.2": 0.00016382678864035327, "0.30000000000000004": 0.00419037353642937, "0.4": 0.04108878567620999, "0.5": 0.22158039064455715, "0.6000000000000001": 0.6617886110564648, "0.7000000000000001": 0.9776312493391778, "0.8": 0.9999921385374027, "0.9": 0.9999999999999998, "1.0": 1.0}