{"0": 0, "0.1": 0.03, "0.2": 0.25, "0.30000000000000004": 0.55, "0.4": 0.87, "0.5": 0.99, "0.6": 0.99, "0.7000000000000001": 1.0}