{"0": 0, "0.1": 0.02, "0.2": 0.07, "0.30000000000000004": 0.24, "0.4": 0.49, "0.5": 0.75, "0.6": 0.96, "0.7000000000000001": 1.0}