{"0": 0, "0.1": 0.03, "0.2": 0.17, "0.30000000000000004": 0.23, "0.4": 0.7, "0.5": 0.78, "0.6": 0.98, "0.7000000000000001": 1.0}