{"0": 0, "0.1": 0.01, "0.2": 0.05, "0.30000000000000004": 0.1, "0.4": 0.31, "0.5": 0.72, "0.6": 0.89, "0.7000000000000001": 0.99, "0.8": 1.0}