{"0": 0, "0.1": 0.0, "0.2": 0.03, "0.30000000000000004": 0.06, "0.4": 0.15, "0.5": 0.52, "0.6": 0.95, "0.7000000000000001": 1.0}