{"0": 0, "0.1": 0.05, "0.2": 0.18, "0.30000000000000004": 0.37, "0.4": 0.8, "0.5": 0.95, "0.6": 0.99, "0.7000000000000001": 1.0}