{"0.0": 0.0, "0.1": 0.2348716861498974, "0.2": 0.9430196985134889, "0.30000000000000004": 0.9999583284107594, "0.4": 0.9999999999249981, "0.5": 1.0, "0.6000000000000001": 1.0, "0.7000000000000001": 1.0, "0.8": 1.0, "0.9": 1.0, "1.0": 1.0}