{"0.0": 0.0, "0.1": 0.934061608321897, "0.2": 0.9999418916560808, "0.30000000000000004": 0.9999999986508045, "0.4": 0.9999999999999992, "0.5": 1.0, "0.6000000000000001": 1.0, "0.7000000000000001": 1.0, "0.8": 1.0, "0.9": 1.0, "1.0": 1.0}