{"0.0": 0.0, "0.1": 0.1488649467370845, "0.2": 0.8433402147022531, "0.30000000000000004": 0.9989978748295016, "0.4": 0.9999999420321042, "0.5": 0.9999999999999916, "0.6000000000000001": 1.0, "0.7000000000000001": 1.0, "0.8": 1.0, "0.9": 1.0, "1.0": 1.0}