{"0.0": 0.0, "0.1": 0.5652018123806583, "0.2": 0.9940633006759187, "0.30000000000000004": 0.9999991078667076, "0.4": 0.9999999999991275, "0.5": 1.0, "0.6000000000000001": 1.0, "0.7000000000000001": 1.0, "0.8": 1.0, "0.9": 1.0, "1.0": 1.0}