{"0": 0, "0.1": 0.0, "0.2": 0.03, "0.30000000000000004": 0.07, "0.4": 0.16, "0.5": 0.42, "0.6": 0.72, "0.7000000000000001": 0.99, "0.8": 1.0}