{"0": 0, "0.1": 0.0, "0.2": 0.01, "0.30000000000000004": 0.01, "0.4": 0.1, "0.5": 0.33, "0.6": 0.73, "0.7000000000000001": 0.95, "0.8": 1.0}