{"0": 0, "0.1": 0.0, "0.2": 0.0, "0.30000000000000004": 0.0, "0.4": 0.0, "0.5": 0.02, "0.6": 0.08, "0.7000000000000001": 0.32, "0.8": 0.87, "0.9": 1.0}