{"0": 0, "0.1": 0.0, "0.2": 0.01, "0.30000000000000004": 0.04, "0.4": 0.04, "0.5": 0.17, "0.6": 0.32, "0.7000000000000001": 0.73, "0.8": 0.96, "0.9": 1.0}