{"0": 0, "0.1": 0.05, "0.2": 0.14, "0.30000000000000004": 0.23, "0.4": 0.53, "0.5": 0.79, "0.6": 0.95, "0.7000000000000001": 1.0}