{"0": 0, "0.1": 0.0, "0.2": 0.02, "0.30000000000000004": 0.06, "0.4": 0.1, "0.5": 0.28, "0.6": 0.48, "0.7000000000000001": 0.9, "0.8": 0.99, "0.9": 1.0}