{"0": 0, "0.1": 0.0, "0.2": 0.05, "0.30000000000000004": 0.12, "0.4": 0.34, "0.5": 0.63, "0.6": 0.93, "0.7000000000000001": 1.0}