{"0": 0, "0.1": 0.0, "0.2": 0.06, "0.30000000000000004": 0.19, "0.4": 0.45, "0.5": 0.8, "0.6": 0.97, "0.7000000000000001": 1.0}