{"0": 0, "0.1": 0.0, "0.2": 0.02, "0.30000000000000004": 0.03, "0.4": 0.14, "0.5": 0.37, "0.6": 0.79, "0.7000000000000001": 0.98, "0.8": 1.0}