{"0.0": 0.0, "0.1": 6.399858420991222e-11, "0.2": 2.62143965090722e-07, "0.30000000000000004": 3.401165462735278e-05, "0.4": 0.0010731745671505033, "0.5": 0.01550544107641727, "0.6000000000000001": 0.13017733209833804, "0.7000000000000001": 0.590177092023863, "0.8": 0.9895008704224985, "0.9": 0.9999999994038831, "1.0": 1.0}