{"0.0": 0.0, "0.1": 0.0, "0.2": 0.0, "0.30000000000000004": 7.460698725481052e-14, "0.4": 2.305853286088677e-10, "0.5": 1.192092826673985e-07, "0.6000000000000001": 1.9650828040895796e-05, "0.7000000000000001": 0.0014709079249630719, "0.8": 0.060076643215790426, "0.9": 0.8209565702019597, "1.0": 1.0}