{"0.0": 0.0, "0.1": 0.0, "0.2": 0.0, "0.30000000000000004": 2.7107205369247822e-12, "0.4": 3.602877995945164e-09, "0.5": 9.536738758697538e-07, "0.6000000000000001": 9.097291273629793e-05, "0.7000000000000001": 0.004282511147539969, "0.8": 0.11407370327014033, "0.9": 0.907810218174617, "1.0": 1.0}