{"0.0": 0.0, "0.1": 0.0006397984416547375, "0.2": 0.020274920209054303, "0.30000000000000004": 0.14419203115515733, "0.4": 0.48249626013045144, "0.5": 0.868915967521525, "0.6000000000000001": 0.9943764170301903, "0.7000000000000001": 0.9999923165852769, "0.8": 0.9999999999907772, "0.9": 1.0, "1.0": 1.0}