{"0.0": 0.0, "0.1": 0.031508924240473246, "0.2": 0.22665459586191283, "0.30000000000000004": 0.5835039484433443, "0.4": 0.8795443544032002, "0.5": 0.9860601629623169, "0.6000000000000001": 0.9995849370141906, "0.7000000000000001": 0.9999985475813199, "0.8": 0.9999999998929876, "0.9": 1.0, "1.0": 1.0}