{"0.0": 0.0, "0.1": 6.394884621840902e-13, "0.2": 1.0485763368706102e-08, "0.30000000000000004": 3.0610955471521706e-06, "0.4": 0.0001717841658328556, "0.5": 0.0038987492792439404, "0.6000000000000001": 0.04893486365775013, "0.7000000000000001": 0.35308567558720094, "0.8": 0.9437823018488173, "0.9": 0.999999939765495, "1.0": 1.0}