{"0.0": 0.0, "0.1": 0.00012799187234502352, "0.2": 0.008158797022968511, "0.30000000000000004": 0.08912174431860598, "0.4": 0.4086603264223736, "0.5": 0.8667848371203516, "0.6000000000000001": 0.9977922310786562, "0.7000000000000001": 0.9999998898214822, "0.8": 1.0, "0.9": 1.0, "1.0": 1.0}