{"0.0": 0.0, "0.1": 0.0, "0.2": 0.0, "0.30000000000000004": 3.552713678800501e-15, "0.4": 1.475797262173728e-11, "0.5": 1.4901161082825354e-08, "0.6000000000000001": 4.244610531833892e-06, "0.7000000000000001": 0.0005047577723564789, "0.8": 0.03120957303886962, "0.9": 0.7119912596512994, "1.0": 1.0}