{"0.0": 0.0, "0.1": 3.552713678800501e-15, "0.2": 2.0971668845959357e-10, "0.30000000000000004": 1.377494968091142e-07, "0.4": 1.3743803852550585e-05, "0.5": 0.0004881657836202091, "0.6000000000000001": 0.008988187880539789, "0.7000000000000001": 0.10104515943047598, "0.8": 0.5989380775689004, "0.9": 0.998581293746428, "1.0": 1.0}