{"0.0": 0.0, "0.1": 0.06202503617415456, "0.2": 0.40193688589849863, "0.30000000000000004": 0.8265310390377156, "0.4": 0.9854904374438582, "0.5": 0.9998056809433629, "0.6000000000000001": 0.9999998277227178, "0.7000000000000001": 0.9999999999978905, "0.8": 1.0, "0.9": 1.0, "1.0": 1.0}