{"0.0": 0.0, "0.1": 6.399999619155494e-08, "0.2": 3.2767471520256386e-05, "0.30000000000000004": 0.0012589312779112127, "0.4": 0.016639425095737015, "0.5": 0.11761095797097765, "0.6000000000000001": 0.47703694787599304, "0.7000000000000001": 0.928366023966299, "0.8": 0.9999013365982117, "0.9": 0.9999999999999761, "1.0": 1.0}