{"0.0": 0.0, "0.1": 0.0, "0.2": 4.583000645652646e-12, "0.30000000000000004": 9.443976576750668e-05, "0.4": 0.4023696207981464, "0.5": 0.9999999999787559, "0.6000000000000001": 1.0, "0.7000000000000001": 1.0, "0.8": 1.0, "0.9": 1.0, "1.0": 1.0}