{"0.0": 0.0, "0.1": 0.0, "0.2": 0.0, "0.30000000000000004": 7.750600161671173e-11, "0.4": 0.016322886879577503, "0.5": 0.9999999999903214, "0.6000000000000001": 1.0, "0.7000000000000001": 1.0, "0.8": 1.0, "0.9": 1.0, "1.0": 1.0}