{"0.0": 0.0, "0.1": 0.0, "0.2": 2.1084981882690812e-07, "0.30000000000000004": 0.012515794111132905, "0.4": 0.9726201479113807, "0.5": 1.0, "0.6000000000000001": 1.0, "0.7000000000000001": 1.0, "0.8": 1.0, "0.9": 1.0, "1.0": 1.0}