{"0.0": 0.0, "0.1": 0.0, "0.2": 9.237055564881302e-14, "0.30000000000000004": 3.0738565236165805e-05, "0.4": 0.47315083435357297, "0.5": 1.0, "0.6000000000000001": 1.0, "0.7000000000000001": 1.0, "0.8": 1.0, "0.9": 1.0, "1.0": 1.0}