{"0.0": 0.0, "0.1": 0.0, "0.2": 0.0, "0.30000000000000004": 2.729922954358699e-09, "0.4": 0.0391376009398674, "0.5": 0.999999999992569, "0.6000000000000001": 1.0, "0.7000000000000001": 1.0, "0.8": 1.0, "0.9": 1.0, "1.0": 1.0}