{"0.0": 0.0, "0.1": 1.2789769243681803e-12, "0.2": 4.1960774295746184e-05, "0.30000000000000004": 0.15171527168783583, "0.4": 0.9999957610764525, "0.5": 1.0, "0.6000000000000001": 1.0, "0.7000000000000001": 1.0, "0.8": 1.0, "0.9": 1.0, "1.0": 1.0}