{"0.0": 0.0, "0.1": 0.0, "0.2": 1.0542491502008033e-07, "0.30000000000000004": 0.0062776011939416065, "0.4": 0.8345314166114326, "0.5": 0.9999999999995192, "0.6000000000000001": 1.0, "0.7000000000000001": 1.0, "0.8": 1.0, "0.9": 1.0, "1.0": 1.0}