{"0.0": 0.0, "0.1": 0.0, "0.2": 0.0, "0.30000000000000004": 5.3290705182007514e-14, "0.4": 0.0027402660454762806, "0.5": 0.9999999999856294, "0.6000000000000001": 1.0, "0.7000000000000001": 1.0, "0.8": 1.0, "0.9": 1.0, "1.0": 1.0}