{"0.0": 0.0, "0.1": 2.304432200617157e-10, "0.2": 0.0004258306199442785, "0.30000000000000004": 0.34803524752520243, "0.4": 0.9999999337816801, "0.5": 1.0, "0.6000000000000001": 1.0, "0.7000000000000001": 1.0, "0.8": 1.0, "0.9": 1.0, "1.0": 1.0}