{"0.0": 0.0, "0.1": 0.0, "0.2": 2.1829293928021798e-09, "0.30000000000000004": 0.001982094586414407, "0.4": 0.8846234474115612, "0.5": 1.0, "0.6000000000000001": 1.0, "0.7000000000000001": 1.0, "0.8": 1.0, "0.9": 1.0, "1.0": 1.0}