{"0.0": 0.0, "0.1": 6.394884621840902e-13, "0.2": 2.098060724076145e-05, "0.30000000000000004": 0.0789762607227954, "0.4": 0.9979411353741555, "0.5": 1.0, "0.6000000000000001": 1.0, "0.7000000000000001": 1.0, "0.8": 1.0, "0.9": 1.0, "1.0": 1.0}