{"0.0": 0.0, "0.1": 0.0, "0.2": 2.3035795493342448e-11, "0.30000000000000004": 0.00031826785008681746, "0.4": 0.7333276638490192, "0.5": 1.0, "0.6000000000000001": 1.0, "0.7000000000000001": 1.0, "0.8": 1.0, "0.9": 1.0, "1.0": 1.0}