{"0.0": 0.0, "0.1": 0.0, "0.2": 0.0, "0.30000000000000004": 5.048289094533587e-06, "0.4": 0.3312169675690052, "0.5": 1.0, "0.6000000000000001": 1.0, "0.7000000000000001": 1.0, "0.8": 1.0, "0.9": 1.0, "1.0": 1.0}