{"0.0": 0.0, "0.1": 0.000457554783563352, "0.2": 0.15319495941264083, "0.30000000000000004": 0.9569595176220679, "0.4": 0.9999999841139451, "0.5": 1.0, "0.6000000000000001": 1.0, "0.7000000000000001": 1.0, "0.8": 1.0, "0.9": 1.0, "1.0": 1.0}