{"0.0": 0.0, "0.1": 0.0, "0.2": 0.0, "0.30000000000000004": 8.349732830703616e-07, "0.4": 0.22445247384247002, "0.5": 1.0, "0.6000000000000001": 1.0, "0.7000000000000001": 1.0, "0.8": 1.0, "0.9": 1.0, "1.0": 1.0}