{"0.0": 0.0, "0.1": 4.556123163523829e-06, "0.2": 0.029166502423859098, "0.30000000000000004": 0.8876959880881875, "0.4": 0.9999999999808913, "0.5": 1.0, "0.6000000000000001": 1.0, "0.7000000000000001": 1.0, "0.8": 1.0, "0.9": 1.0, "1.0": 1.0}