{"0.0": 0.0, "0.1": 0.0, "0.2": 0.0, "0.30000000000000004": 6.944155239718697e-08, "0.4": 0.07754063840215564, "0.5": 0.9999999999632616, "0.6000000000000001": 1.0, "0.7000000000000001": 1.0, "0.8": 1.0, "0.9": 1.0, "1.0": 1.0}