{"0.0": 0.0, "0.1": 0.0, "0.2": 4.3658587856043596e-09, "0.30000000000000004": 0.003960260473879207, "0.4": 0.9866882511128072, "0.5": 1.0, "0.6000000000000001": 1.0, "0.7000000000000001": 1.0, "0.8": 1.0, "0.9": 1.0, "1.0": 1.0}