{"0.0": 0.0, "0.1": 0.0, "0.2": 4.2169959313387295e-07, "0.30000000000000004": 0.024874943120033577, "0.4": 0.9992503436996053, "0.5": 1.0, "0.6000000000000001": 1.0, "0.7000000000000001": 1.0, "0.8": 1.0, "0.9": 1.0, "1.0": 1.0}