{"0.0": 0.0, "0.1": 0.0, "0.2": 4.186801860761591e-06, "0.30000000000000004": 0.062076153584902705, "0.4": 0.9999162470900771, "0.5": 1.0, "0.6000000000000001": 1.0, "0.7000000000000001": 1.0, "0.8": 1.0, "0.9": 1.0, "1.0": 1.0}