{"0.0": 0.0, "0.1": 0.0, "0.2": 4.278392307099921e-08, "0.30000000000000004": 0.009920617202070714, "0.4": 0.9961445305454961, "0.5": 1.0, "0.6000000000000001": 1.0, "0.7000000000000001": 1.0, "0.8": 1.0, "0.9": 1.0, "1.0": 1.0}