{"0.0": 0.0, "0.1": 2.395977072300326e-08, "0.2": 0.002772741267484391, "0.30000000000000004": 0.5520576119271476, "0.4": 0.999999981231359, "0.5": 1.0, "0.6000000000000001": 1.0, "0.7000000000000001": 1.0, "0.8": 1.0, "0.9": 1.0, "1.0": 1.0}