{"0.0": 0.0, "0.1": 5.989942764017542e-09, "0.2": 0.0006939072437019966, "0.30000000000000004": 0.18190160573203684, "0.4": 0.9882953560597536, "0.5": 0.9999999999967981, "0.6000000000000001": 1.0, "0.7000000000000001": 1.0, "0.8": 1.0, "0.9": 1.0, "1.0": 1.0}