{"0.0": 0.0, "0.1": 0.0009149002107466941, "0.2": 0.282921223235841, "0.30000000000000004": 0.9981475168766749, "0.4": 0.9999999999999998, "0.5": 1.0, "0.6000000000000001": 1.0, "0.7000000000000001": 1.0, "0.8": 1.0, "0.9": 1.0, "1.0": 1.0}