{"0.0": 0.0, "0.1": 0.0, "0.2": 0.0, "0.30000000000000004": 1.3888309990939263e-07, "0.4": 0.14906872620049738, "0.5": 1.0, "0.6000000000000001": 1.0, "0.7000000000000001": 1.0, "0.8": 1.0, "0.9": 1.0, "1.0": 1.0}