{"0.0": 0.0, "0.1": 1.1979885417012781e-08, "0.2": 0.0013873329801411538, "0.30000000000000004": 0.33071501729618025, "0.4": 0.9998630013102321, "0.5": 1.0, "0.6000000000000001": 1.0, "0.7000000000000001": 1.0, "0.8": 1.0, "0.9": 1.0, "1.0": 1.0}