{"0.0": 0.0, "0.1": 3.1999995198095377e-07, "0.2": 8.191674949709071e-05, "0.30000000000000004": 0.0020973862828244094, "0.4": 0.020759879128826708, "0.5": 0.1177190870502508, "0.6000000000000001": 0.418440554247861, "0.7000000000000001": 0.850438137679346, "0.8": 0.9971961700127647, "0.9": 0.9999999849824373, "1.0": 1.0}