{"0.0": 0.0, "0.1": 3.197442310920451e-14, "0.2": 1.0485763368706102e-09, "0.30000000000000004": 4.5916492030784184e-07, "0.4": 3.4359166525388396e-05, "0.5": 0.0009761007049434722, "0.6000000000000001": 0.014936780659731808, "0.7000000000000001": 0.1412554168095177, "0.8": 0.6821526877963592, "0.9": 0.9993745948291484, "1.0": 1.0}