{"0.0": 0.0, "0.1": 0.0, "0.2": 6.750155989720952e-14, "0.30000000000000004": 3.347295773892256e-10, "0.4": 1.4073747789389301e-07, "0.5": 1.5258676285712092e-05, "0.6000000000000001": 0.0007017437828614748, "0.7000000000000001": 0.017719589601909003, "0.8": 0.256597354475244, "0.9": 0.9754783445915886, "1.0": 1.0}