{"0.0": 0.0, "0.1": 0.7237483323007917, "0.2": 0.9946207982993263, "0.30000000000000004": 0.9999942812881119, "0.4": 0.9999999997968819, "0.5": 0.9999999999999999, "0.6000000000000001": 1.0, "0.7000000000000001": 1.0, "0.8": 1.0, "0.9": 1.0, "1.0": 1.0}