{"0.0": 0.0, "0.1": 3.200000264769187e-10, "0.2": 6.553597928782295e-07, "0.30000000000000004": 5.668548352777414e-05, "0.4": 0.0013413050734458754, "0.5": 0.015507319766249639, "0.6000000000000001": 0.10979736588544642, "0.7000000000000001": 0.47222434319141293, "0.8": 0.9435311906898899, "0.9": 0.9999941627507554, "1.0": 1.0}