{"0.0": 0.0, "0.1": 0.003195044956405657, "0.2": 0.04995032258901233, "0.30000000000000004": 0.22914536447207823, "0.4": 0.5638932494314449, "0.5": 0.8732112136229997, "0.6000000000000001": 0.9882238254216147, "0.7000000000000001": 0.9998471708406208, "0.8": 0.9999999525011427, "0.9": 0.9999999999999986, "1.0": 1.0}