{"0.0": 0.0, "0.1": 6.400000529538374e-09, "0.2": 6.553578863033316e-06, "0.30000000000000004": 0.0003778433150016802, "0.4": 0.006688768204190398, "0.5": 0.060615624038187765, "0.6000000000000001": 0.32169499670937063, "0.7000000000000001": 0.8402054546912444, "0.8": 0.9993036230172904, "0.9": 0.9999999999987896, "1.0": 1.0}