{"0.0": 0.0, "0.1": 0.0, "0.2": 0.0, "0.30000000000000004": 0.0, "0.4": 0.0, "0.5": 0.0, "0.6000000000000001": 0.0, "0.7000000000000001": 0.39585885403830723, "0.8": 0.22196337397028898, "0.9": 0.6818560899522761, "1.0": 0.46803850555827897}