{"0.0": 0.0, "0.1": 0.0, "0.2": 0.9999999997671694, "0.30000000000000004": 0.9999999997671694, "0.4": 0.9998995475742793, "0.5": 0.9998995475742793, "0.6000000000000001": 0.9999999997671694, "0.7000000000000001": 0.9999999997671694, "0.8": 0.9999999997671694, "0.9": 0.9999937952186778, "1.0": 0.9999937952186778}