{"0.0": 0.0, "0.1": 0.0, "0.2": 0.0, "0.30000000000000004": 0.0, "0.4": 0.9860601629623169, "0.5": 0.9860601629623169, "0.6000000000000001": 0.8732112136229997, "0.7000000000000001": 0.8732112136229997, "0.8": 0.9986987886919226, "0.9": 0.9754395559782195, "1.0": 0.9754395559782195}