{"0.0": 0.0, "0.1": 0.0, "0.2": 0.0, "0.30000000000000004": 0.0, "0.4": 0.0, "0.5": 0.0, "0.6000000000000001": 0.0, "0.7000000000000001": 0.0, "0.8": 0.0, "0.9": 0.00024411175620275838, "1.0": 0.0012199816252638218}