{"0.0": 0.0, "0.1": 0.0, "0.2": 0.0, "0.30000000000000004": 0.0, "0.4": 0.9999999999999999, "0.5": 0.9999999999999999, "0.6000000000000001": 0.9999999622401042, "0.7000000000000001": 0.9999999622401042, "0.8": 1.0, "0.9": 1.0, "1.0": 0.9999999999971333}