{"0.0": 0.0, "0.1": 0.0, "0.2": 0.0, "0.30000000000000004": 0.0, "0.4": 0.0, "0.5": 0.0, "0.6000000000000001": 0.0, "0.7000000000000001": 0.6350134757560926, "0.8": 0.39465900855630365, "0.9": 0.8987844524995457, "1.0": 0.7170169684313308}