{"0.0": 0.0, "0.1": 0.0, "0.2": 0.0, "0.30000000000000004": 0.0, "0.4": 0.0, "0.5": 0.0, "0.6000000000000001": 0.0, "0.7000000000000001": 0.0, "0.8": 0.0019512783832865699, "0.9": 0.0009761007049434722, "1.0": 0.00438518987932468}