{"0.0": 0.0, "0.1": 0.09298631258242629, "0.2": 0.3171686235536425, "0.30000000000000004": 0.568231696868262, "0.4": 0.7683444545292204, "0.5": 0.8936132380000528, "0.6000000000000001": 0.9578635320150026, "0.7000000000000001": 0.9855130585604109, "0.8": 0.9956521285029051, "0.9": 0.998855402626017, "1.0": 0.9997345992454373}