{"0.0": 0.0, "0.1": 0.37186086454137257, "0.2": 0.8358699899159829, "0.30000000000000004": 0.9809522042505219, "0.4": 0.9989675412244625, "0.5": 0.9999728457553918, "0.6000000000000001": 0.9999996435720437, "0.7000000000000001": 0.999999997618469, "0.8": 0.9999999999917981, "0.9": 0.9999999999999853, "1.0": 1.0}