{"0.0": 0.0, "0.1": 0.004204655670295709, "0.2": 0.03193969280387854, "0.30000000000000004": 0.10013318348795786, "0.4": 0.21408259631735505, "0.5": 0.36451380325754124, "0.6000000000000001": 0.5300667004968469, "0.7000000000000001": 0.6854100541272554, "0.8": 0.8109505360429357, "0.9": 0.8987229122661491, "1.0": 0.9519089608617745}