{"0.0": 0.0, "0.1": 0.9600516634109129, "0.2": 0.9984682721146643, "0.30000000000000004": 0.9999436895530811, "0.4": 0.999998017364154, "0.5": 0.9999999332199472, "0.6000000000000001": 0.9999999978507667, "0.7000000000000001": 0.9999999999339891, "0.8": 0.9999999999980677, "0.9": 0.9999999999999462, "1.0": 0.9999999999999986}