{"0.0": 0.0, "0.1": 4.2371714997768706e-06, "0.2": 0.000127259344311903, "0.30000000000000004": 0.000906198233157629, "0.4": 0.0035755604509115635, "0.5": 0.01019130989815964, "0.6000000000000001": 0.02359150135809518, "0.7000000000000001": 0.047162744414222635, "0.8": 0.08437843592389715, "0.9": 0.13810878392063108, "1.0": 0.2097824282284757}