{"0.0": 0.0, "0.1": 0.9624758607888838, "0.2": 0.9988209815422261, "0.30000000000000004": 0.9999696043632513, "0.4": 0.9999993722898265, "0.5": 0.9999999899093102, "0.6000000000000001": 0.9999999998780239, "0.7000000000000001": 0.9999999999989372, "0.8": 0.9999999999999937, "0.9": 1.0, "1.0": 1.0}