{"0.0": 0.0, "0.1": 0.5529308781173202, "0.2": 0.802168517862457, "0.30000000000000004": 0.9133742029614916, "0.4": 0.9624758607888838, "0.5": 0.9839246036490473, "0.6000000000000001": 0.9931911950177271, "0.7000000000000001": 0.9971496126613311, "0.8": 0.9988209815422261, "0.9": 0.9995183016590472, "1.0": 0.9998056809433629}