{"0.0": 0.0, "0.1": 0.8001292002590497, "0.2": 0.960862704675263, "0.30000000000000004": 0.9924959712874432, "0.4": 0.9985919389764648, "0.5": 0.9997415816321598, "0.6000000000000001": 0.9999536401747133, "0.7000000000000001": 0.9999918752920196, "0.8": 0.9999986099154762, "0.9": 0.9999997679667083, "1.0": 0.9999999622401042}