{"0.0": 0.0, "0.1": 0.029084610458269156, "0.2": 0.10974593966691393, "0.30000000000000004": 0.22719220456548472, "0.4": 0.36350206493955906, "0.5": 0.5016685233177995, "0.6000000000000001": 0.628497978430414, "0.7000000000000001": 0.7359049886465783, "0.8": 0.8207462788549158, "0.9": 0.8837042006861885, "1.0": 0.9278129271967841}