{"0.0": 0.0, "0.1": 0.7683444545292204, "0.2": 0.9956521285029051, "0.30000000000000004": 0.9999901162017291, "0.4": 0.9999999966234203, "0.5": 0.9999999999998087, "0.6000000000000001": 1.0, "0.7000000000000001": 1.0, "0.8": 1.0, "0.9": 1.0, "1.0": 1.0}