{"0.0": 0.0, "0.1": 0.0014229417447776394, "0.2": 0.020358900620498277, "0.30000000000000004": 0.08965049784532331, "0.4": 0.2348716861498974, "0.5": 0.4455222104565614, "0.6000000000000001": 0.6686757191896819, "0.7000000000000001": 0.8430599310020427, "0.8": 0.9430196985134889, "0.9": 0.9845858825763735, "1.0": 0.9969669221691195}