{"0.0": 0.0, "0.1": 0.3171686235536425, "0.2": 0.7683444545292204, "0.30000000000000004": 0.9578635320150026, "0.4": 0.9956521285029051, "0.5": 0.9997345992454373, "0.6000000000000001": 0.9999901162017291, "0.7000000000000001": 0.9999997704159055, "0.8": 0.9999999966234203, "0.9": 0.9999999999682703, "1.0": 0.9999999999998087}