{"0.0": 0.0, "0.1": 0.002427483217324111, "0.2": 0.018722646620064953, "0.30000000000000004": 0.06012067753575401, "0.4": 0.13313268005519874, "0.5": 0.23760308450742218, "0.6000000000000001": 0.36608992023141884, "0.7000000000000001": 0.5054309348730557, "0.8": 0.6403144456937238, "0.9": 0.7575529487833732, "1.0": 0.8492981388999913}