{"0.0": 0.0, "0.1": 0.17732617083717594, "0.2": 0.5337413113403728, "0.30000000000000004": 0.8135761324107396, "0.4": 0.9463357082526356, "0.5": 0.9886818568711666, "0.6000000000000001": 0.9982245180657493, "0.7000000000000001": 0.9997901285277259, "0.8": 0.9999810960134448, "0.9": 0.9999986898968515, "1.0": 0.9999999295624394}