{"0.0": 0.0, "0.1": 0.9920154940176186, "0.2": 0.9999400523133944, "0.30000000000000004": 0.9999995774447895, "0.4": 0.9999999972083278, "0.5": 0.9999999999827428, "0.6000000000000001": 0.9999999999999004, "0.7000000000000001": 0.9999999999999994, "0.8": 1.0, "0.9": 1.0, "1.0": 1.0}