{"0.0": 0.0, "0.1": 1.9671375639518374e-11, "0.2": 8.983626287317747e-09, "0.30000000000000004": 3.0770823433723393e-07, "0.4": 3.6469349661283346e-06, "0.5": 2.4150221858088017e-05, "0.6000000000000001": 0.00011061120761635124, "0.7000000000000001": 0.00039262223447067424, "0.8": 0.0011558355816376764, "0.9": 0.0029476582403346052, "1.0": 0.006706710377336833}