{"0.0": 0.0, "0.1": 4.1934100636353833e-10, "0.2": 9.698805569779978e-08, "0.30000000000000004": 2.2434203359456006e-06, "0.4": 2.0203391751127953e-05, "0.5": 0.00010845036390727536, "0.6000000000000001": 0.00041946074446286286, "0.7000000000000001": 0.0012932455442052904, "0.8": 0.003375153332221381, "0.9": 0.007748446327560887, "1.0": 0.016055994013712938}