{"0.0": 0.0, "0.1": 1.1522436752398058e-05, "0.2": 0.0006317974106728741, "0.30000000000000004": 0.006132814483363669, "0.4": 0.029025358523015576, "0.5": 0.09109772013234052, "0.6000000000000001": 0.21493549470135975, "0.7000000000000001": 0.40374080511845434, "0.8": 0.6231318792730423, "0.9": 0.812924709316396, "1.0": 0.9311349772605332}