{"0.0": 0.0, "0.1": 0.0001872168894604398, "0.2": 0.0028438587263461823, "0.30000000000000004": 0.013607652382886637, "0.4": 0.040303316406521295, "0.5": 0.0909848698944874, "0.6000000000000001": 0.17126378392673236, "0.7000000000000001": 0.28142895788199096, "0.8": 0.4145786633448988, "0.9": 0.5571745707466311, "1.0": 0.6925543809030221}