{"0.0": 0.0, "0.1": 0.11136065125104433, "0.2": 0.37186086454137257, "0.30000000000000004": 0.6433140711385175, "0.4": 0.8358699899159829, "0.5": 0.9383300949862942, "0.6000000000000001": 0.9809522042505219, "0.7000000000000001": 0.9951354710698335, "0.8": 0.9989675412244625, "0.9": 0.9998170821399437, "1.0": 0.9999728457553918}