{"0.0": 0.0, "0.1": 8.992536493224179e-09, "0.2": 1.053247706828131e-06, "0.30000000000000004": 1.645220364188127e-05, "0.4": 0.00011257625755756173, "0.5": 0.0004897986016367817, "0.6000000000000001": 0.0015993197863451991, "0.7000000000000001": 0.004280329507791336, "0.8": 0.009892465835788955, "0.9": 0.020407485149125493, "1.0": 0.03841033564655594}