{"0.0": 0.0, "0.1": 0.009405555547612132, "0.2": 0.06894290188796626, "0.30000000000000004": 0.2038152979561959, "0.4": 0.40026209532306856, "0.5": 0.6117966240486712, "0.6000000000000001": 0.7881471587976919, "0.7000000000000001": 0.9039655604174265, "0.8": 0.9642690863584766, "0.9": 0.9891975610620423, "1.0": 0.9973698557869414}