{"0.0": 0.0, "0.1": 0.0035755604509115635, "0.2": 0.08437843592389715, "0.30000000000000004": 0.401011388404639, "0.4": 0.8089432138724222, "0.5": 0.9796740871657705, "0.6000000000000001": 0.9994767525032997, "0.7000000000000001": 0.9999974920050325, "0.8": 0.99999999822425, "0.9": 0.9999999999998533, "1.0": 1.0}