{"0.0": 0.0, "0.1": 9.361282641084934e-05, "0.2": 0.0014229417447776394, "0.30000000000000004": 0.006827131050634594, "0.4": 0.020358900620498277, "0.5": 0.046577150417763225, "0.6000000000000001": 0.08965049784532331, "0.7000000000000001": 0.15231430228061005, "0.8": 0.2348716861498974, "0.9": 0.3345487025684232, "1.0": 0.4455222104565614}