{"0.0": 0.0, "0.1": 0.10974593966691393, "0.2": 0.36350206493955906, "0.30000000000000004": 0.628497978430414, "0.4": 0.8207462788549158, "0.5": 0.9278129271967841, "0.6000000000000001": 0.9755660916748929, "0.7000000000000001": 0.993014233605547, "0.8": 0.9983076967198969, "0.9": 0.9996521136373058, "1.0": 0.9999393125564106}