{"0.0": 0.0, "0.1": 0.5337413113403728, "0.2": 0.9463357082526356, "0.30000000000000004": 0.9982245180657493, "0.4": 0.9999810960134448, "0.5": 0.9999999295624394, "0.6000000000000001": 0.9999999999023105, "0.7000000000000001": 0.9999999999999473, "0.8": 1.0, "0.9": 1.0, "1.0": 1.0}