{"0.0": 0.0, "0.1": 0.910643937069825, "0.2": 0.9922574108590526, "0.30000000000000004": 0.9993499575317749, "0.4": 0.9999471637221351, "0.5": 0.9999958458223126, "0.6000000000000001": 0.9999996843449906, "0.7000000000000001": 0.9999999768414353, "0.8": 0.9999999983610647, "0.9": 0.99999999988823, "1.0": 0.9999999999926625}