{"0.0": 0.0, "0.1": 1.9426824893198358e-07, "0.2": 1.1522436752398058e-05, "0.30000000000000004": 0.00012154016183751892, "0.4": 0.0006317974106728741, "0.5": 0.0022269611767180564, "0.6000000000000001": 0.006132814483363669, "0.7000000000000001": 0.014222563753200967, "0.8": 0.029025358523015576, "0.9": 0.053582537509758055, "1.0": 0.09109772013234052}