{"0.0": 0.0, "0.1": 0.05732330635102911, "0.2": 0.20744770806045398, "0.30000000000000004": 0.4027681113156445, "0.4": 0.5948703786637948, "0.5": 0.7516657393477375, "0.6000000000000001": 0.8619862479697109, "0.7000000000000001": 0.930253824978236, "0.8": 0.9678681034556404, "0.9": 0.9864752870619616, "1.0": 0.9947890265201033}