{"0.0": 0.0, "0.1": 0.9922574108590526, "0.2": 0.9999471637221351, "0.30000000000000004": 0.9999996843449906, "0.4": 0.9999999983610647, "0.5": 0.9999999999926625, "0.6000000000000001": 0.9999999999999719, "0.7000000000000001": 0.9999999999999999, "0.8": 1.0, "0.9": 1.0, "1.0": 1.0}