{"0.0": 0.0, "0.1": 8.983626287317747e-09, "0.2": 3.6469349661283346e-06, "0.30000000000000004": 0.00011061120761635124, "0.4": 0.0011558355816376764, "0.5": 0.006706710377336833, "0.6000000000000001": 0.02661623087286835, "0.7000000000000001": 0.08011831114797008, "0.8": 0.1924556535512667, "0.9": 0.3768886005508091, "1.0": 0.6067904384313219}