{"0.0": 0.0, "0.1": 4.6709500174380025e-06, "0.2": 0.00014177177074858882, "0.30000000000000004": 0.0010202513940353874, "0.4": 0.0040679822744214, "0.5": 0.011713694714666434, "0.6000000000000001": 0.027376774624858435, "0.7000000000000001": 0.055197003794116295, "0.8": 0.09942481342241649, "0.9": 0.16344310461748768, "1.0": 0.24853186565027607}