{"0.0": 0.0, "0.1": 9.272582701669307e-13, "0.2": 8.360991898825887e-10, "0.30000000000000004": 4.2407065414806766e-08, "0.4": 6.614517124026165e-07, "0.5": 5.403365841427643e-06, "0.6000000000000001": 2.9303737047015055e-05, "0.7000000000000001": 0.00011972830944095847, "0.8": 0.00039741681517146965, "0.9": 0.0011250183956342807, "1.0": 0.0028071394594975096}