{"0.0": 0.0, "0.1": 0.018722646620064953, "0.2": 0.13313268005519874, "0.30000000000000004": 0.36608992023141884, "0.4": 0.6403144456937238, "0.5": 0.8492981388999913, "0.6000000000000001": 0.9551183736745097, "0.7000000000000001": 0.990777386414061, "0.8": 0.998723301810342, "0.9": 0.9998833073129917, "1.0": 0.9999930823414185}