{"0.0": 0.0, "0.1": 8.474325045804143e-06, "0.2": 0.0002545024936830842, "0.30000000000000004": 0.001811575271077337, "0.4": 0.007138336269285062, "0.5": 0.020278756998878933, "0.6000000000000001": 0.04662644377986136, "0.7000000000000001": 0.09210116436776405, "0.8": 0.16163715139883117, "0.9": 0.2571435316452265, "1.0": 0.37555618926351575}