{"0.0": 0.0, "0.1": 0.001214479088390119, "0.2": 0.009405555547612132, "0.30000000000000004": 0.03052626520145163, "0.4": 0.06894290188796626, "0.5": 0.12684656818370244, "0.6000000000000001": 0.2038152979561959, "0.7000000000000001": 0.2967439547881978, "0.8": 0.40026209532306856, "0.9": 0.5076108741892985, "1.0": 0.6117966240486712}