{"0": 0, "0.1": 0.0, "0.2": 0.0, "0.30000000000000004": 0.01, "0.4": 0.01, "0.5": 0.19, "0.6": 0.65, "0.7000000000000001": 0.97, "0.8": 1.0}