{"0": 0, "0.1": 0.02, "0.2": 0.21, "0.30000000000000004": 0.54, "0.4": 0.88, "0.5": 0.98, "0.6": 0.99, "0.7000000000000001": 1.0}