{"0": 0, "0.1": 0.0, "0.2": 0.0, "0.30000000000000004": 0.03, "0.4": 0.2, "0.5": 0.65, "0.6": 0.88, "0.7000000000000001": 1.0}