{"0.0": 0.0, "0.1": 0.960862704675263, "0.2": 0.9985919389764648, "0.30000000000000004": 0.9999536401747133, "0.4": 0.9999986099154762, "0.5": 0.9999999622401042, "0.6000000000000001": 0.9999999990761053, "0.7000000000000001": 0.9999999999797649, "0.8": 0.999999999999606, "0.9": 0.9999999999999932, "1.0": 0.9999999999999999}