{"0.0": 0.0, "0.1": 7.105427357601002e-15, "0.2": 1.3630341300086002e-10, "0.30000000000000004": 4.013989063356149e-08, "0.4": 2.001339115431655e-06, "0.5": 3.753469018630273e-05, "0.6000000000000001": 0.000377740800575066, "0.7000000000000001": 0.0024634965869109182, "0.8": 0.011625372649648358, "0.9": 0.042378971757814465, "1.0": 0.12338990046741449}