{"0.0": 0.0, "0.1": 0.003917256792412838, "0.2": 0.3622474206867484, "0.30000000000000004": 0.9928788684930278, "0.4": 0.9999999994789341, "0.5": 1.0, "0.6000000000000001": 1.0, "0.7000000000000001": 1.0, "0.8": 1.0, "0.9": 1.0, "1.0": 1.0}