{"0.0": 0.0, "0.1": 0.017174907391128258, "0.2": 0.46584705680577077, "0.30000000000000004": 0.9819125268829376, "0.4": 0.9999978390213214, "0.5": 0.9999999999999348, "0.6000000000000001": 1.0, "0.7000000000000001": 1.0, "0.8": 1.0, "0.9": 1.0, "1.0": 1.0}