{"0.0": 0.0, "0.1": 0.03709475574367016, "0.2": 0.24854104961171752, "0.30000000000000004": 0.5981580107677911, "0.4": 0.8706263020233869, "0.5": 0.9772889490609937, "0.6000000000000001": 0.997985639618379, "0.7000000000000001": 0.9999149433986445, "0.8": 0.9999983700417325, "0.9": 0.9999999863828168, "1.0": 0.999999999952146}