{"0.0": 0.0, "0.1": 0.034054837338362565, "0.2": 0.7146806332769425, "0.30000000000000004": 0.9996728433162395, "0.4": 0.9999999999953302, "0.5": 1.0, "0.6000000000000001": 1.0, "0.7000000000000001": 1.0, "0.8": 1.0, "0.9": 1.0, "1.0": 1.0}