{"0.0": 0.0, "0.1": 4.748466468795787e-05, "0.2": 0.04812317196477944, "0.30000000000000004": 0.7649995223752248, "0.4": 0.9999532576246721, "0.5": 0.9999999999999983, "0.6000000000000001": 1.0, "0.7000000000000001": 1.0, "0.8": 1.0, "0.9": 1.0, "1.0": 1.0}