{"0.0": 0.0, "0.1": 0.16163715139883117, "0.2": 0.963497304474601, "0.30000000000000004": 0.9999997262120572, "0.4": 1.0, "0.5": 1.0, "0.6000000000000001": 1.0, "0.7000000000000001": 1.0, "0.8": 1.0, "0.9": 1.0, "1.0": 1.0}