{"0.0": 0.0, "0.1": 0.06285924163135104, "0.2": 0.3823338345887305, "0.30000000000000004": 0.7791626940180798, "0.4": 0.9642603001775466, "0.5": 0.9976872519546056, "0.6000000000000001": 0.9999450076309822, "0.7000000000000001": 0.9999995467196637, "0.8": 0.9999999987578323, "0.9": 0.9999999999989042, "1.0": 0.9999999999999997}