{"0.0": 0.0, "0.1": 0.0032234598646458945, "0.2": 0.046478229431869966, "0.30000000000000004": 0.1988938765394913, "0.4": 0.4751999017065096, "0.5": 0.7649314810334471, "0.6000000000000001": 0.9368800062403306, "0.7000000000000001": 0.9910285141968075, "0.8": 0.9993976760835499, "0.9": 0.999982759244105, "1.0": 0.999999808087518}