{"0.0": 0.0, "0.1": 3.271119734638006e-06, "0.2": 0.011869238487307254, "0.30000000000000004": 0.48901744414170834, "0.4": 0.9986648428934939, "0.5": 0.9999999999986893, "0.6000000000000001": 1.0, "0.7000000000000001": 1.0, "0.8": 1.0, "0.9": 1.0, "1.0": 1.0}