{"0.0": 0.0, "0.1": 0.00035538807744439627, "0.2": 0.017174907391128258, "0.30000000000000004": 0.13832492077148817, "0.4": 0.46584705680577077, "0.5": 0.8330424638434496, "0.6000000000000001": 0.9819125268829376, "0.7000000000000001": 0.9995259070947982, "0.8": 0.9999978390213214, "0.9": 0.9999999987523295, "1.0": 0.9999999999999348}