{"0.0": 0.0, "0.1": 0.0016130308666112425, "0.2": 0.023515606592644955, "0.30000000000000004": 0.10495468077839287, "0.4": 0.27556912110713394, "0.5": 0.5151613474911959, "0.6000000000000001": 0.7487630724601388, "0.7000000000000001": 0.905282072429806, "0.8": 0.9754577116704638, "0.9": 0.9958478010771398, "1.0": 0.999561921831218}