{"0.0": 0.0, "0.1": 1.1485249915565987e-06, "0.2": 0.0001255444574148612, "0.30000000000000004": 0.0018244945413321556, "0.4": 0.011541056792064297, "0.5": 0.04573544050309264, "0.6000000000000001": 0.13188731313575552, "0.7000000000000001": 0.2952081229374586, "0.8": 0.526394901814621, "0.9": 0.7601133418235978, "1.0": 0.9177036449501705}