{"0.0": 0.0, "0.1": 3.197442310920451e-14, "0.2": 4.0170888837565144e-10, "0.30000000000000004": 8.300918019621406e-08, "0.4": 3.271119734638006e-06, "0.5": 5.178563343843923e-05, "0.6000000000000001": 0.0004588336942754623, "0.7000000000000001": 0.002713284071539146, "0.8": 0.011869238487307254, "0.9": 0.040839196019146984, "1.0": 0.1141728427612776}