{"0.0": 0.0, "0.1": 3.6469349661283346e-06, "0.2": 0.0011558355816376764, "0.30000000000000004": 0.02661623087286835, "0.4": 0.1924556535512667, "0.5": 0.6067904384313219, "0.6000000000000001": 0.9394739540955046, "0.7000000000000001": 0.9985919284873713, "0.8": 0.9999975898398865, "0.9": 0.9999999998419746, "1.0": 0.9999999999999998}