{"0.0": 0.0, "0.1": 0.40026209532306856, "0.2": 0.9642690863584766, "0.30000000000000004": 0.9999212730684951, "0.4": 0.9999999964735532, "0.5": 0.9999999999999986, "0.6000000000000001": 1.0, "0.7000000000000001": 1.0, "0.8": 1.0, "0.9": 1.0, "1.0": 1.0}