{"0.0": 0.0, "0.1": 1.050216783538005e-07, "0.2": 2.238179925073691e-05, "0.30000000000000004": 0.000475591687242094, "0.4": 0.003917256792412838, "0.5": 0.019062504181709516, "0.6000000000000001": 0.06556400672507523, "0.7000000000000001": 0.17303321262271165, "0.8": 0.3622474206867484, "0.9": 0.6078698584937753, "1.0": 0.8280076301096004}