{"0.0": 0.0, "0.1": 7.871460359498705e-05, "0.2": 0.04965189422354255, "0.30000000000000004": 0.7176169436355605, "0.4": 0.9997471554599117, "0.5": 0.9999999999993575, "0.6000000000000001": 1.0, "0.7000000000000001": 1.0, "0.8": 1.0, "0.9": 1.0, "1.0": 1.0}