{"0.0": 0.0, "0.1": 6.339883608097452e-06, "0.2": 0.00035538807744439627, "0.30000000000000004": 0.003531476920634158, "0.4": 0.017174907391128258, "0.5": 0.055841402094324866, "0.6000000000000001": 0.13832492077148817, "0.7000000000000001": 0.27762772236227373, "0.8": 0.46584705680577077, "0.9": 0.6669935905129261, "1.0": 0.8330424638434496}