{"0.0": 0.0, "0.1": 1.119096224411198e-05, "0.2": 0.001960550274896611, "0.30000000000000004": 0.03333770463779606, "0.4": 0.20140587322892767, "0.5": 0.5852803719494344, "0.6000000000000001": 0.9156132030056111, "0.7000000000000001": 0.9961383621570316, "0.8": 0.9999771731322018, "0.9": 0.9999999896775293, "1.0": 0.9999999999997868}