{"0.0": 0.0, "0.1": 2.2004890132265587e-08, "0.2": 4.748466468795787e-05, "0.30000000000000004": 0.0031461369595336963, "0.4": 0.04812317196477944, "0.5": 0.29203062169801575, "0.6000000000000001": 0.7649995223752248, "0.7000000000000001": 0.986270566849219, "0.8": 0.9999532576246721, "0.9": 0.9999999968196097, "1.0": 0.9999999999999983}