{"0.0": 0.0, "0.1": 4.0170888837565144e-10, "0.2": 3.271119734638006e-06, "0.30000000000000004": 0.0004588336942754623, "0.4": 0.011869238487307254, "0.5": 0.1141728427612776, "0.6000000000000001": 0.48901744414170834, "0.7000000000000001": 0.9133245096074812, "0.8": 0.9986648428934939, "0.9": 0.9999994976282616, "1.0": 0.9999999999986893}