{"0.0": 0.0, "0.1": 0.912008016609765, "0.2": 0.9927311432903873, "0.30000000000000004": 0.9994381681662732, "0.4": 0.9999595162339772, "0.5": 0.9999972912240171, "0.6000000000000001": 0.9999998324220518, "0.7000000000000001": 0.9999999904593259, "0.8": 0.9999999995026768, "0.9": 0.9999999999763972, "1.0": 0.9999999999989864}