{"0.0": 0.0, "0.1": 0.011541056792064297, "0.2": 0.526394901814621, "0.30000000000000004": 0.9981023045044088, "0.4": 0.9999999999390538, "0.5": 1.0, "0.6000000000000001": 1.0, "0.7000000000000001": 1.0, "0.8": 1.0, "0.9": 1.0, "1.0": 1.0}