{"0.0": 0.0, "0.1": 7.325695605686633e-12, "0.2": 2.2004890132265587e-08, "0.30000000000000004": 2.0797573877517905e-06, "0.4": 4.748466468795787e-05, "0.5": 0.0004959515451203877, "0.6000000000000001": 0.0031461369595336963, "0.7000000000000001": 0.014063608217787182, "0.8": 0.04812317196477944, "0.9": 0.13159399023251517, "1.0": 0.29203062169801575}