{"0.0": 0.0, "0.1": 1.2679727022013587e-05, "0.2": 0.0007106498542032158, "0.30000000000000004": 0.007050482512027334, "0.4": 0.034054837338362565, "0.5": 0.10856454200078969, "0.6000000000000001": 0.25751605783653786, "0.7000000000000001": 0.4781782925004837, "0.8": 0.7146806332769425, "0.9": 0.8891067312405273, "1.0": 0.9721251811205341}