{"0.0": 0.0, "0.1": 5.251084056467903e-08, "0.2": 1.119096224411198e-05, "0.30000000000000004": 0.00023782412377792994, "0.4": 0.001960550274896611, "0.5": 0.009577112634057472, "0.6000000000000001": 0.03333770463779606, "0.7000000000000001": 0.09062285745831045, "0.8": 0.20140587322892767, "0.9": 0.3737970444766132, "1.0": 0.5852803719494344}