{"0.0": 0.0, "0.1": 0.001960550274896611, "0.2": 0.20140587322892767, "0.30000000000000004": 0.9156132030056111, "0.4": 0.9999771731322018, "0.5": 0.9999999999997868, "0.6000000000000001": 1.0, "0.7000000000000001": 1.0, "0.8": 1.0, "0.9": 1.0, "1.0": 1.0}