{"0.0": 0.0, "0.1": 4.171596401647548e-11, "0.2": 6.58467712577604e-08, "0.30000000000000004": 4.364596470129989e-06, "0.4": 7.871460359498705e-05, "0.5": 0.0006934814973994508, "0.6000000000000001": 0.0038695290701266094, "0.7000000000000001": 0.015666464313734307, "0.8": 0.04965189422354255, "0.9": 0.12824934324069415, "1.0": 0.2744203185050942}