{"0.0": 0.0, "0.1": 0.046478229431869966, "0.2": 0.4751999017065096, "0.30000000000000004": 0.9368800062403306, "0.4": 0.9993976760835499, "0.5": 0.999999808087518, "0.6000000000000001": 0.9999999999989915, "0.7000000000000001": 1.0, "0.8": 1.0, "0.9": 1.0, "1.0": 1.0}