{"0.0": 0.0, "0.1": 2.001339115431655e-06, "0.2": 0.011625372649648358, "0.30000000000000004": 0.5384504479953889, "0.4": 0.9996391196155111, "0.5": 0.9999999999999937, "0.6000000000000001": 1.0, "0.7000000000000001": 1.0, "0.8": 1.0, "0.9": 1.0, "1.0": 1.0}