{"0.0": 0.0, "0.1": 0.0001255444574148612, "0.2": 0.011541056792064297, "0.30000000000000004": 0.13188731313575552, "0.4": 0.526394901814621, "0.5": 0.9177036449501705, "0.6000000000000001": 0.9981023045044088, "0.7000000000000001": 0.9999976981963992, "0.8": 0.9999999999390538, "0.9": 1.0, "1.0": 1.0}