{"0.0": 0.0, "0.1": 0.27556912110713394, "0.2": 0.9754577116704638, "0.30000000000000004": 0.9999989957451426, "0.4": 0.9999999999999967, "0.5": 1.0, "0.6000000000000001": 1.0, "0.7000000000000001": 1.0, "0.8": 1.0, "0.9": 1.0, "1.0": 1.0}