{"0.0": 0.0, "0.1": 0.00031995040495813587, "0.2": 0.010189371752886367, "0.30000000000000004": 0.07490110320850418, "0.4": 0.28062267211876313, "0.5": 0.6379447107436834, "0.6000000000000001": 0.9250094474629655, "0.7000000000000001": 0.997228102685319, "0.8": 0.9999969630825765, "0.9": 0.9999999999996088, "1.0": 1.0}