{"0.0": 0.0, "0.1": 3.1999998650888983e-08, "0.2": 1.6383869975711285e-05, "0.30000000000000004": 0.0006296638772548269, "0.4": 0.008354612321388899, "0.5": 0.06064434742264824, "0.6000000000000001": 0.2768381563411916, "0.7000000000000001": 0.7323547571248443, "0.8": 0.9900670547274093, "0.9": 0.999999845403756, "1.0": 1.0}