{"0.0": 0.0, "0.1": 3.1999950382832765e-06, "0.2": 0.0004095187457620053, "0.30000000000000004": 0.006974728274948161, "0.4": 0.05111891768983412, "0.5": 0.22196337397028898, "0.6000000000000001": 0.596900756594006, "0.7000000000000001": 0.9360852514993744, "0.8": 0.999464109414403, "0.9": 0.999999999093121, "1.0": 1.0}