{"0.0": 0.0, "0.1": 0.9656631617970749, "0.2": 0.9992077183748573, "0.30000000000000004": 0.9999889557232575, "0.4": 0.9999999204133889, "0.5": 0.9999999997671694, "0.6000000000000001": 0.9999999999998155, "0.7000000000000001": 1.0, "0.8": 1.0, "0.9": 1.0, "1.0": 1.0}