{"0.0": 0.0, "0.1": 3.199950400589735e-05, "0.2": 0.0020459696836296892, "0.30000000000000004": 0.023066316754784544, "0.4": 0.12308145558407868, "0.5": 0.39585885403830723, "0.6000000000000001": 0.7832353774405123, "0.7000000000000001": 0.9817810127752867, "0.8": 0.9999404212178751, "0.9": 0.9999999999708622, "1.0": 1.0}