{"0.0": 0.0, "0.1": 0.00039741681517146965, "0.2": 0.12241114010983323, "0.30000000000000004": 0.8934193468893435, "0.4": 0.9999925495857287, "0.5": 0.9999999999999996, "0.6000000000000001": 1.0, "0.7000000000000001": 1.0, "0.8": 1.0, "0.9": 1.0, "1.0": 1.0}