{"0.0": 0.0, "0.1": 6.614517124026165e-07, "0.2": 0.00039741681517146965, "0.30000000000000004": 0.013051527166337062, "0.4": 0.12241114010983323, "0.5": 0.4867805562152281, "0.6000000000000001": 0.8934193468893435, "0.7000000000000001": 0.9965452683595528, "0.8": 0.9999925495857287, "0.9": 0.9999999995123305, "1.0": 0.9999999999999996}