{"0.0": 0.0, "0.1": 0.999998017364154, "0.2": 0.9999999999980677, "0.30000000000000004": 1.0, "0.4": 1.0, "0.5": 1.0, "0.6000000000000001": 1.0, "0.7000000000000001": 1.0, "0.8": 1.0, "0.9": 1.0, "1.0": 1.0}