{"0.0": 0.0, "0.1": 0.020358900620498277, "0.2": 0.2348716861498974, "0.30000000000000004": 0.6686757191896819, "0.4": 0.9430196985134889, "0.5": 0.9969669221691195, "0.6000000000000001": 0.9999583284107594, "0.7000000000000001": 0.999999872548878, "0.8": 0.9999999999249981, "0.9": 0.9999999999999928, "1.0": 1.0}