{"0.0": 0.0, "0.1": 0.029025358523015576, "0.2": 0.6231318792730423, "0.30000000000000004": 0.9969285022971066, "0.4": 0.9999999802859768, "0.5": 1.0, "0.6000000000000001": 1.0, "0.7000000000000001": 1.0, "0.8": 1.0, "0.9": 1.0, "1.0": 1.0}