{"0.0": 0.0, "0.1": 0.36350206493955906, "0.2": 0.8207462788549158, "0.30000000000000004": 0.9755660916748929, "0.4": 0.9983076967198969, "0.5": 0.9999393125564106, "0.6000000000000001": 0.9999988792027108, "0.7000000000000001": 0.9999999896293544, "0.8": 0.9999999999542863, "0.9": 0.9999999999999111, "1.0": 0.9999999999999999}