{"0.0": 0.0, "0.1": 0.000127259344311903, "0.2": 0.0035755604509115635, "0.30000000000000004": 0.02359150135809518, "0.4": 0.08437843592389715, "0.5": 0.2097824282284757, "0.6000000000000001": 0.401011388404639, "0.7000000000000001": 0.6206478005324265, "0.8": 0.8089432138724222, "0.9": 0.9269507284662033, "1.0": 0.9796740871657705}