{"0.0": 0.0, "0.1": 0.8207462788549158, "0.2": 0.9983076967198969, "0.30000000000000004": 0.9999988792027108, "0.4": 0.9999999999542863, "0.5": 0.9999999999999999, "0.6000000000000001": 1.0, "0.7000000000000001": 1.0, "0.8": 1.0, "0.9": 1.0, "1.0": 1.0}