{"0.0": 0.0, "0.1": 0.5948703786637948, "0.2": 0.9678681034556404, "0.30000000000000004": 0.9994029841239602, "0.4": 0.9999971361096082, "0.5": 0.9999999963170342, "0.6000000000000001": 0.9999999999987438, "0.7000000000000001": 0.9999999999999999, "0.8": 1.0, "0.9": 1.0, "1.0": 1.0}