{"0.0": 0.0, "0.1": 0.009892465835788955, "0.2": 0.44187003675991254, "0.30000000000000004": 0.988873653924937, "0.4": 0.9999998662489321, "0.5": 1.0, "0.6000000000000001": 1.0, "0.7000000000000001": 1.0, "0.8": 1.0, "0.9": 1.0, "1.0": 1.0}