{"0.0": 0.0, "0.1": 0.0040679822744214, "0.2": 0.09942481342241649, "0.30000000000000004": 0.4701081979611421, "0.4": 0.8816333696752983, "0.5": 0.9945178248985199, "0.6000000000000001": 0.9999702124055251, "0.7000000000000001": 0.9999999885372469, "0.8": 0.999999999999803, "0.9": 1.0, "1.0": 1.0}