{"0.0": 0.0, "0.1": 0.20744770806045398, "0.2": 0.5948703786637948, "0.30000000000000004": 0.8619862479697109, "0.4": 0.9678681034556404, "0.5": 0.9947890265201033, "0.6000000000000001": 0.9994029841239602, "0.7000000000000001": 0.9999511990678821, "0.8": 0.9999971361096082, "0.9": 0.9999998789750787, "1.0": 0.9999999963170342}