{"0.0": 0.0, "0.1": 0.802168517862457, "0.2": 0.9624758607888838, "0.30000000000000004": 0.9931911950177271, "0.4": 0.9988209815422261, "0.5": 0.9998056809433629, "0.6000000000000001": 0.9999696043632513, "0.7000000000000001": 0.9999955016555525, "0.8": 0.9999993722898265, "0.9": 0.9999999177172192, "1.0": 0.9999999899093102}