{"0.0": 0.0, "0.1": 1.053247706828131e-06, "0.2": 0.00011257625755756173, "0.30000000000000004": 0.0015993197863451991, "0.4": 0.009892465835788955, "0.5": 0.03841033564655594, "0.6000000000000001": 0.10915715930973136, "0.7000000000000001": 0.24370424026934034, "0.8": 0.44187003675991254, "0.9": 0.6635519157273622, "1.0": 0.8451294979861541}