{"0.0": 0.0, "0.1": 8.360991898825887e-10, "0.2": 6.614517124026165e-07, "0.30000000000000004": 2.9303737047015055e-05, "0.4": 0.00039741681517146965, "0.5": 0.0028071394594975096, "0.6000000000000001": 0.013051527166337062, "0.7000000000000001": 0.0450031661226904, "0.8": 0.12241114010983323, "0.9": 0.26999681374623763, "1.0": 0.4867805562152281}