{"0.0": 0.0, "0.1": 0.003375153332221381, "0.2": 0.29659686031473564, "0.30000000000000004": 0.9708978855853926, "0.4": 0.999999356159294, "0.5": 0.9999999999999999, "0.6000000000000001": 1.0, "0.7000000000000001": 1.0, "0.8": 1.0, "0.9": 1.0, "1.0": 1.0}