{"0.0": 0.0, "0.1": 9.698805569779978e-08, "0.2": 2.0203391751127953e-05, "0.30000000000000004": 0.00041946074446286286, "0.4": 0.003375153332221381, "0.5": 0.016055994013712938, "0.6000000000000001": 0.05414627191579802, "0.7000000000000001": 0.14120752456059082, "0.8": 0.29659686031473564, "0.9": 0.5108703463142306, "1.0": 0.7313101318678561}