{"0.0": 0.0, "0.1": 0.8358699899159829, "0.2": 0.9989675412244625, "0.30000000000000004": 0.9999996435720437, "0.4": 0.9999999999917981, "0.5": 1.0, "0.6000000000000001": 1.0, "0.7000000000000001": 1.0, "0.8": 1.0, "0.9": 1.0, "1.0": 1.0}