{"0.0": 0.0, "0.1": 0.00014177177074858882, "0.2": 0.0040679822744214, "0.30000000000000004": 0.027376774624858435, "0.4": 0.09942481342241649, "0.5": 0.24853186565027607, "0.6000000000000001": 0.4701081979611421, "0.7000000000000001": 0.7064332763107302, "0.8": 0.8816333696752983, "0.9": 0.9678179252957437, "1.0": 0.9945178248985199}