{"0.0": 0.0, "0.1": 0.03193969280387854, "0.2": 0.21408259631735505, "0.30000000000000004": 0.5300667004968469, "0.4": 0.8109505360429357, "0.5": 0.9519089608617745, "0.6000000000000001": 0.9925843160114639, "0.7000000000000001": 0.9993267390280998, "0.8": 0.9999647556011354, "0.9": 0.9999989532208704, "1.0": 0.9999999826053111}