{"0.0": 0.0, "0.1": 0.21408259631735505, "0.2": 0.8109505360429357, "0.30000000000000004": 0.9925843160114639, "0.4": 0.9999647556011354, "0.5": 0.9999999826053111, "0.6000000000000001": 0.9999999999992041, "0.7000000000000001": 1.0, "0.8": 1.0, "0.9": 1.0, "1.0": 1.0}