{"0.0": 0.0, "0.1": 0.0028438587263461823, "0.2": 0.040303316406521295, "0.30000000000000004": 0.17126378392673236, "0.4": 0.4145786633448988, "0.5": 0.6925543809030221, "0.6000000000000001": 0.8902242209455256, "0.7000000000000001": 0.9753698147429164, "0.8": 0.9967532452425063, "0.9": 0.9997624049840507, "1.0": 0.9999908004388718}