{"0.0": 0.0, "0.1": 0.0011558355816376764, "0.2": 0.1924556535512667, "0.30000000000000004": 0.9394739540955046, "0.4": 0.9999975898398865, "0.5": 0.9999999999999998, "0.6000000000000001": 1.0, "0.7000000000000001": 1.0, "0.8": 1.0, "0.9": 1.0, "1.0": 1.0}