{"0.0": 0.0, "0.1": 2.0203391751127953e-05, "0.2": 0.003375153332221381, "0.30000000000000004": 0.05414627191579802, "0.4": 0.29659686031473564, "0.5": 0.7313101318678561, "0.6000000000000001": 0.9708978855853926, "0.7000000000000001": 0.9995264249722506, "0.8": 0.999999356159294, "0.9": 0.9999999999569533, "1.0": 0.9999999999999999}