{"0.0": 0.0, "0.1": 0.13313268005519874, "0.2": 0.6403144456937238, "0.30000000000000004": 0.9551183736745097, "0.4": 0.998723301810342, "0.5": 0.9999930823414185, "0.6000000000000001": 0.9999999938020703, "0.7000000000000001": 0.9999999999992029, "0.8": 1.0, "0.9": 1.0, "1.0": 1.0}