{"0.0": 0.0, "0.1": 0.08437843592389715, "0.2": 0.8089432138724222, "0.30000000000000004": 0.9994767525032997, "0.4": 0.99999999822425, "0.5": 1.0, "0.6000000000000001": 1.0, "0.7000000000000001": 1.0, "0.8": 1.0, "0.9": 1.0, "1.0": 1.0}