{"0.0": 0.0, "0.1": 0.09942481342241649, "0.2": 0.8816333696752983, "0.30000000000000004": 0.9999702124055251, "0.4": 0.999999999999803, "0.5": 1.0, "0.6000000000000001": 1.0, "0.7000000000000001": 1.0, "0.8": 1.0, "0.9": 1.0, "1.0": 1.0}