{"0.0": 0.0, "0.1": 0.040303316406521295, "0.2": 0.4145786633448988, "0.30000000000000004": 0.8902242209455256, "0.4": 0.9967532452425063, "0.5": 0.9999908004388718, "0.6000000000000001": 0.9999999982634786, "0.7000000000000001": 0.9999999999999838, "0.8": 1.0, "0.9": 1.0, "1.0": 1.0}