{"0.0": 0.0, "0.1": 0.00011257625755756173, "0.2": 0.009892465835788955, "0.30000000000000004": 0.10915715930973136, "0.4": 0.44187003675991254, "0.5": 0.8451294979861541, "0.6000000000000001": 0.988873653924937, "0.7000000000000001": 0.9998765751995878, "0.8": 0.9999998662489321, "0.9": 0.9999999999906812, "1.0": 1.0}