{"0.0": 0.0, "0.1": 0.0002545024936830842, "0.2": 0.007138336269285062, "0.30000000000000004": 0.04662644377986136, "0.4": 0.16163715139883117, "0.5": 0.37555618926351575, "0.6000000000000001": 0.6412126431790617, "0.7000000000000001": 0.8560919087591143, "0.8": 0.963497304474601, "0.9": 0.9946638039283816, "1.0": 0.9995868572674553}