{"0.0": 0.0, "0.1": 0.0006317974106728741, "0.2": 0.029025358523015576, "0.30000000000000004": 0.21493549470135975, "0.4": 0.6231318792730423, "0.5": 0.9311349772605332, "0.6000000000000001": 0.9969285022971066, "0.7000000000000001": 0.9999773465045824, "0.8": 0.9999999802859768, "0.9": 0.9999999999985298, "1.0": 1.0}