{"0.0": 0.0, "0.1": 0.012719060311838892, "0.2": 0.18532336795517035, "0.30000000000000004": 0.6469063124593035, "0.4": 0.9638281070432312, "0.5": 0.9997415816321598, "0.6000000000000001": 0.9999999807683325, "0.7000000000000001": 0.9999999999999994, "0.8": 1.0, "0.9": 1.0, "1.0": 1.0}