{"0.0": 0.0, "0.1": 6.39997983664653e-06, "0.2": 0.0008188697859209393, "0.30000000000000004": 0.013900809715386875, "0.4": 0.09962469163388821, "0.5": 0.39465900855630365, "0.6000000000000001": 0.8375109999655151, "0.7000000000000001": 0.9959149049241017, "0.8": 0.9999997128212803, "0.9": 1.0, "1.0": 1.0}