{"0.0": 0.0, "0.1": 0.006379881600537818, "0.2": 0.09740561045127827, "0.30000000000000004": 0.40578313088511486, "0.4": 0.8098109021085361, "0.5": 0.9839246036490473, "0.6000000000000001": 0.9998613217122994, "0.7000000000000001": 0.999999976643248, "0.8": 0.9999999999999978, "0.9": 1.0, "1.0": 1.0}