{"0.0": 0.0, "0.1": 0.2750196640421466, "0.2": 0.7291807959985819, "0.30000000000000004": 0.951098232750351, "0.4": 0.9962248244295452, "0.5": 0.9998995475742793, "0.6000000000000001": 0.9999993722898265, "0.7000000000000001": 0.9999999995612212, "0.8": 0.9999999999999937, "0.9": 1.0, "1.0": 1.0}