{"0.0": 0.0, "0.1": 0.12020296723590385, "0.2": 0.6423205115512146, "0.30000000000000004": 0.9699085195826654, "0.4": 0.9997894725944294, "0.5": 0.9999999622401042, "0.6000000000000001": 0.9999999999999704, "0.7000000000000001": 1.0, "0.8": 1.0, "0.9": 1.0, "1.0": 1.0}