{"0.0": 0.0, "0.1": 6.400000529538374e-10, "0.2": 1.3107191563221932e-06, "0.30000000000000004": 0.00011336775381143305, "0.4": 0.002680811047591658, "0.5": 0.030774162566166496, "0.6000000000000001": 0.20753927021551022, "0.7000000000000001": 0.7214528560802644, "0.8": 0.9968112735750985, "0.9": 0.9999999999659265, "1.0": 1.0}