{"0.0": 0.0, "0.1": 3.2009950245992513e-12, "0.2": 2.621440098327099e-08, "0.30000000000000004": 5.101820993336226e-06, "0.4": 0.00021472602844574418, "0.5": 0.0038988680382560092, "0.6000000000000001": 0.04095908206555854, "0.7000000000000001": 0.2676938413979594, "0.8": 0.8362516342558188, "0.9": 0.9999160218804934, "1.0": 1.0}