{"0.0": 0.0, "0.1": 0.0, "0.2": 4.1943337691918714e-11, "0.30000000000000004": 4.1324852095847575e-08, "0.4": 5.497543499211055e-06, "0.5": 0.00024411175620275838, "0.6000000000000001": 0.005402344061997799, "0.7000000000000001": 0.0718189665991874, "0.8": 0.5175185433075062, "0.9": 0.9970862892690129, "1.0": 1.0}