{"0.0": 0.0, "0.1": 0.474403512474438, "0.2": 0.9266569587440383, "0.30000000000000004": 0.9976086171598612, "0.4": 0.9999857480494122, "0.5": 0.9999999899093102, "0.6000000000000001": 0.999999999999606, "0.7000000000000001": 1.0, "0.8": 1.0, "0.9": 1.0, "1.0": 1.0}