{"0.0": 0.0, "0.1": 0.0, "0.2": 1.6768808563938364e-12, "0.30000000000000004": 3.719236474353238e-09, "0.4": 8.796089279172747e-07, "0.5": 6.1033351846928596e-05, "0.6000000000000001": 0.0019481105461297554, "0.7000000000000001": 0.03583927392446462, "0.8": 0.37156579861060723, "0.9": 0.9903806224853039, "1.0": 1.0}